id, username, email, subscription_id
97,john_doe,john.doe@example.com,1
98,emma_smith,emma.smith@example.com,2
99,mike_jones,mike.jones@example.com,3
100,sarah_wilson,sarah.wilson@example.com,1
101,alex_garcia,alex.garcia@example.com,2
102,lisa_wong,lisa.wong@example.com,1
103,ryan_patel,ryan.patel@example.com,3
104,jessica_adams,jessica.adams@example.com,2
105,matt_miller,matt.miller@example.com,1
106,emily_nguyen,emily.nguyen@example.com,2
107,david_brown,david.brown@example.com,1
108,olivia_rodriguez,olivia.rodriguez@example.com,3
109,jacob_kim,jacob.kim@example.com,2
110,natalie_carter,natalie.carter@example.com,1
111,kevin_clark,kevin.clark@example.com,2
112,sophia_lee,sophia.lee@example.com,1
113,ethan_hall,ethan.hall@example.com,3
114,ava_gonzalez,ava.gonzalez@example.com,2
115,noah_lee,noah.lee@example.com,1
116,mia_smith,mia.smith@example.com,2
117,william_johnson,william.johnson@example.com,1
118,isabella_taylor,isabella.taylor@example.com,3
119,james_anderson,james.anderson@example.com,2
120,amelia_martinez,amelia.martinez@example.com,1
121,benjamin_hernandez,benjamin.hernandez@example.com,2
122,emma_gomez,emma.gomez@example.com,1
123,lucas_nelson,lucas.nelson@example.com,3
124,mia_cook,mia.cook@example.com,2
125,alexander_hill,alexander.hill@example.com,1
126,camila_white,camila.white@example.com,2
127,michael_ward,michael.ward@example.com,1
128,sophia_morales,sophia.morales@example.com,3
129,daniel_clark,daniel.clark@example.com,2
130,grace_sanchez,grace.sanchez@example.com,1
131,matthew_baker,matthew.baker@example.com,2
132,chloe_torres,chloe.torres@example.com,1
133,jayden_morales,jayden.morales@example.com,3
134,emily_kelly,emily.kelly@example.com,2
135,jack_perez,jack.perez@example.com,1
136,harper_james,harper.james@example.com,2
137,ethan_mitchell,ethan.mitchell@example.com,1
138,ava_gutierrez,ava.gutierrez@example.com,3
139,noah_long,noah.long@example.com,2
140,sophia_collins,sophia.collins@example.com,1
141,liam_richardson,liam.richardson@example.com,2
142,olivia_hall,olivia.hall@example.com,1
143,lucas_hughes,lucas.hughes@example.com,3
144,emma_wood,emma.wood@example.com,2
145,leon_kennedy,leon.kennedy@example.com,3
146,jess_cole,jess.cole@example.com,1
